Mid,H2H_date,H2H_time,H2H_total_t1,H2H_total_t2
369860,2020-03-29,08:20:00,2.0,3.0
369860,2020-03-28,12:10:00,2.0,1.0
369860,2020-03-25,09:10:00,0.0,3.0
369860,2020-01-03,09:05:00,2.0,0.0
369860,2019-12-18,08:45:00,1.0,1.0
370552,2020-02-09,17:35:00,2.0,0.0
370552,2019-12-02,15:21:02,1.0,1.0
369234,2020-04-18,04:10:00,2.0,0.0
369234,2020-04-01,10:10:00,1.0,2.0
369234,2019-10-27,08:52:02,1.0,2.0
369234,2019-10-25,10:30:52,1.0,0.0
369234,2019-10-06,08:32:03,0.0,2.0
370833,2020-03-29,11:35:00,2.0,0.0
370833,2020-03-20,07:35:00,2.0,0.0
370833,2020-03-11,02:40:00,1.0,2.0
370833,2020-02-28,05:10:00,2.0,0.0
370833,2020-01-13,13:50:00,0.0,2.0
370629,2020-04-01,16:15:00,2.0,1.0
370629,2020-03-22,19:40:00,2.0,1.0
370548,2020-04-12,14:20:00,2.0,0.0
370548,2019-08-17,03:30:00,0.0,2.0
370548,2019-05-06,11:30:00,0.0,2.0
370548,2018-05-24,10:01:40,1.0,0.0
370548,2018-05-01,16:25:44,2.0,0.0
370884,2020-01-30,22:10:00,2.0,0.0
370884,2019-12-03,04:00:00,0.0,1.0
370884,2019-12-02,17:51:02,2.0,0.0
370884,2019-10-29,20:21:02,2.0,0.0
370884,2019-10-17,21:21:02,2.0,0.0
370897,2019-12-02,15:10:02,1.0,1.0
370897,2019-11-21,00:05:02,1.0,0.0
370897,2019-11-15,01:32:02,0.0,1.0
370897,2019-10-05,23:53:02,0.0,2.0
370897,2019-10-01,21:10:03,0.0,2.0
370889,2020-02-13,14:05:00,0.0,2.0
370889,2019-12-15,21:25:00,0.0,2.0
370889,2019-12-14,01:05:00,0.0,2.0
370889,2019-12-02,15:10:02,0.0,2.0
370889,2019-07-10,21:00:00,3.0,0.0
370858,2020-04-14,11:30:00,2.0,0.0
370858,2020-03-31,11:50:00,0.0,2.0
370858,2020-03-16,04:45:00,2.0,0.0
370858,2020-03-01,06:30:00,0.0,2.0
370858,2020-01-22,05:20:00,2.0,1.0
371028,2020-03-24,13:50:00,0.0,3.0
371028,2020-02-12,11:00:00,2.0,0.0
371028,2020-02-09,15:25:00,1.0,1.0
371028,2019-12-01,11:10:02,2.0,0.0
371028,2019-09-27,14:43:02,2.0,0.0
370859,2020-04-12,11:35:00,2.0,0.0
370859,2020-03-14,02:55:00,2.0,1.0
370859,2020-02-28,02:50:00,0.0,2.0
370859,2020-01-16,02:50:00,2.0,0.0
370859,2020-01-01,08:35:00,0.0,2.0
371031,2020-03-28,14:20:00,0.0,2.0
371031,2020-03-27,11:10:00,2.0,0.0
371031,2020-03-10,12:10:00,2.0,1.0
371031,2020-01-28,12:15:00,2.0,1.0
371031,2019-10-13,19:27:01,1.0,2.0
370104,2020-04-13,11:15:00,2.0,0.0
370104,2020-02-14,10:25:00,1.0,1.0
370104,2020-01-07,06:05:00,2.0,0.0
370104,2019-12-12,08:20:00,2.0,0.0
370104,2019-09-22,07:10:00,1.0,0.0
370828,2020-04-12,13:30:00,0.0,2.0
370828,2020-03-26,05:50:00,1.0,2.0
370828,2020-03-23,08:30:00,2.0,1.0
370828,2019-12-22,05:30:00,2.0,1.0
370828,2019-11-27,08:40:02,0.0,2.0
370723,2020-02-28,14:25:00,2.0,0.0
370723,2020-02-01,14:05:00,1.0,2.0
370723,2019-07-08,14:00:00,1.0,0.0
370723,2018-09-29,13:04:18,0.0,2.0
370723,2018-09-17,09:43:10,0.0,2.0
371030,2020-03-20,16:20:00,2.0,0.0
370851,2020-04-10,08:45:00,2.0,1.0
370851,2020-03-05,08:30:00,2.0,1.0
370851,2020-01-13,08:35:00,0.0,2.0
370851,2020-01-11,08:30:00,1.0,2.0
370851,2019-12-26,02:40:00,0.0,2.0
371006,2020-04-07,16:00:00,1.0,2.0
371006,2020-02-13,15:45:00,1.0,2.0
371006,2020-02-10,13:00:00,2.0,0.0
371006,2020-01-25,09:40:00,1.0,2.0
371006,2019-12-03,14:10:02,2.0,0.0
370638,2020-04-17,20:05:00,2.0,0.0
370638,2020-04-02,19:50:00,1.0,3.0
370638,2020-03-28,17:05:00,2.0,1.0
370638,2019-10-07,20:30:00,1.0,2.0
371173,2020-04-24,17:05:00,2.0,1.0
371422,2020-04-22,06:30:00,2.0,0.0
371422,2020-03-31,04:25:00,1.0,2.0
371422,2020-03-08,10:15:00,2.0,1.0
371422,2020-02-01,12:15:00,0.0,2.0
371422,2020-01-18,05:45:00,0.0,2.0
371423,2020-04-24,05:15:00,2.0,1.0
371423,2020-04-01,02:50:00,1.0,2.0
371423,2020-03-11,08:45:00,0.0,2.0
371423,2020-03-06,10:55:00,2.0,0.0
371423,2020-02-03,10:15:00,1.0,2.0
371434,2020-04-16,11:30:00,0.0,2.0
371434,2020-04-14,12:35:00,2.0,0.0
371434,2020-04-08,08:40:00,0.0,2.0
371434,2020-03-22,02:55:00,0.0,2.0
371434,2020-03-07,02:50:00,2.0,1.0
370710,2020-04-16,15:15:00,2.0,1.0
371011,2020-02-09,11:10:00,2.0,0.0
371011,2019-02-12,17:22:13,3.0,0.0
371011,2019-02-04,10:05:46,2.0,0.0
371011,2018-11-29,14:01:19,1.0,2.0
371011,2018-11-28,14:02:28,0.0,2.0
371417,2020-04-23,20:05:00,2.0,1.0
371417,2020-04-14,20:05:00,2.0,1.0
371417,2020-03-31,16:15:00,2.0,1.0
371275,2020-04-05,03:10:00,1.0,1.0
371277,2020-04-03,09:25:00,0.0,2.0
371392,2020-03-07,08:45:00,2.0,0.0
371266,2020-03-14,05:10:00,2.0,0.0
370035,2020-04-01,03:00:00,0.0,2.0
370035,2019-12-25,06:10:00,1.0,2.0
370035,2019-07-17,08:10:02,1.0,2.0
371332,2018-11-21,09:05:03,2.0,0.0
371332,2018-03-16,06:01:13,2.0,0.0
371271,2020-02-22,09:25:00,0.0,2.0
371386,2020-04-09,09:45:00,1.0,1.0
371386,2020-03-08,10:30:00,2.0,0.0
371386,2020-03-07,11:45:00,1.0,2.0
371386,2020-02-11,06:30:00,2.0,0.0
371386,2019-12-03,07:10:02,2.0,1.0
371269,2020-02-25,07:20:00,2.0,0.0
371026,2020-04-05,12:35:00,0.0,2.0
371292,2020-03-17,13:10:00,2.0,0.0
371016,2020-04-04,14:25:00,2.0,1.0
371016,2020-03-27,16:15:00,2.0,0.0
371016,2020-03-22,16:10:00,1.0,2.0
371016,2020-02-15,16:00:00,1.0,2.0
371016,2020-02-12,13:20:00,2.0,0.0
371296,2020-04-07,12:25:00,1.0,2.0
370995,2020-04-17,18:15:00,0.0,2.0
370995,2019-06-26,10:30:00,0.0,2.0
370995,2019-05-31,13:36:13,2.0,0.0
370995,2019-05-10,15:00:00,2.0,0.0
370995,2019-02-19,11:04:21,1.0,1.0
371289,2020-03-18,16:10:00,2.0,0.0
371172,2020-04-20,14:05:00,0.0,2.0
371172,2020-04-17,14:10:00,2.0,0.0
371447,2018-06-18,16:47:28,0.0,1.0
371447,2018-02-08,02:00:27,1.0,2.0
371447,2017-06-28,20:53:23,0.0,2.0
371447,2017-06-27,21:18:42,0.0,1.0
371419,2020-04-15,20:05:00,1.0,2.0
371419,2020-03-29,16:10:00,0.0,2.0
371429,2020-04-21,05:00:00,0.0,2.0
371429,2020-04-14,05:10:00,2.0,0.0
371429,2020-04-03,02:45:00,0.0,2.0
371429,2020-03-19,11:35:00,1.0,2.0
371429,2020-02-26,02:45:00,2.0,0.0
371250,2020-04-02,09:05:00,2.0,0.0
371250,2020-02-26,03:15:00,2.0,0.0
371349,2020-04-09,07:10:00,1.0,2.0
371349,2020-04-05,08:20:00,3.0,1.0
371349,2020-04-01,12:25:00,2.0,0.0
371349,2020-02-14,12:35:00,2.0,0.0
371349,2019-12-03,10:00:00,2.0,0.0
371334,2020-04-14,07:10:00,1.0,2.0
371334,2020-04-01,06:00:00,2.0,0.0
371334,2020-03-28,12:10:00,0.0,2.0
371334,2019-12-01,06:10:02,1.0,1.0
371334,2019-10-19,09:32:02,2.0,0.0
370094,2020-04-08,11:20:00,1.0,2.0
370094,2019-12-29,06:10:00,0.0,2.0
370094,2019-10-06,06:42:02,1.0,1.0
370094,2019-05-17,04:00:00,0.0,1.0
370094,2019-03-30,08:13:02,2.0,1.0
371438,2020-04-21,13:15:00,2.0,0.0
371438,2020-04-10,11:35:00,2.0,0.0
371438,2020-03-05,02:40:00,1.0,2.0
371438,2020-01-08,10:45:00,0.0,2.0
371438,2019-12-23,05:55:00,0.0,2.0
371404,2020-04-07,08:15:00,1.0,1.0
371197,2020-04-14,10:10:00,0.0,2.0
371252,2020-04-20,10:30:00,2.0,1.0
371252,2020-04-08,06:20:00,1.0,2.0
371252,2020-04-06,06:05:00,0.0,2.0
371252,2020-02-13,07:25:00,1.0,0.0
371252,2019-12-11,05:00:00,2.0,1.0
371009,2020-02-11,13:35:00,2.0,0.0
370078,2020-03-29,07:15:00,1.0,2.0
370078,2019-11-03,06:48:02,2.0,0.0
370078,2019-10-15,08:26:46,0.0,2.0
371360,2020-04-25,08:00:00,2.0,1.0
371360,2020-02-16,05:10:00,0.0,1.0
371360,2020-02-15,08:25:00,1.0,1.0
371360,2019-12-29,05:05:00,1.0,2.0
371360,2019-12-11,14:00:00,0.0,1.0
370712,2020-04-29,11:10:00,2.0,1.0
370712,2020-04-05,12:35:00,0.0,2.0
370993,2020-04-05,15:50:00,2.0,0.0
370993,2019-08-24,09:40:00,0.0,2.0
370993,2019-08-15,11:21:02,2.0,0.0
370993,2019-05-12,15:00:00,3.0,1.0
370993,2019-03-15,12:30:00,2.0,0.0
370729,2020-02-29,12:10:00,2.0,0.0
371015,2019-12-20,03:25:00,0.0,2.0
371015,2019-12-01,15:10:02,2.0,0.0
371015,2019-08-16,06:10:02,2.0,0.0
371015,2019-05-25,14:41:13,1.0,2.0
371015,2018-09-16,09:55:35,0.0,2.0
371420,2020-04-29,00:05:00,2.0,0.0
371420,2020-04-23,20:05:00,2.0,1.0
371420,2020-04-14,20:05:00,2.0,1.0
371420,2020-03-31,16:15:00,2.0,1.0
371449,2020-03-22,01:00:00,2.0,0.0
371449,2020-03-20,02:55:00,2.0,0.0
371449,2020-02-09,17:45:00,1.0,1.0
371449,2019-10-06,21:10:03,1.0,1.0
371307,2020-03-23,12:20:00,2.0,1.0
371165,2020-04-18,14:00:00,1.0,0.0
371274,2020-04-06,05:05:00,2.0,0.0
371264,2020-02-29,05:40:00,1.0,1.0
371502,2020-01-03,13:40:00,1.0,0.0
371502,2019-12-28,15:05:00,0.0,1.0
371505,2020-01-03,14:30:00,0.0,1.0
371505,2019-12-21,14:00:00,0.0,1.0
371516,2020-01-04,13:30:00,1.0,0.0
371516,2019-12-17,13:40:00,1.0,0.0
371525,2020-01-04,14:05:00,1.0,0.0
371525,2019-12-17,14:30:00,1.0,0.0
371274,2020-04-06,05:05:00,2.0,0.0
371264,2020-02-29,05:40:00,1.0,1.0
371479,2020-04-16,11:40:00,0.0,2.0
371479,2020-04-03,09:10:00,0.0,2.0
371479,2020-03-30,12:10:00,1.0,2.0
371479,2020-03-27,06:45:00,2.0,0.0
371479,2019-12-26,06:15:00,1.0,2.0
371272,2020-03-13,09:10:00,2.0,0.0
371324,2020-03-27,11:00:00,2.0,1.0
371324,2020-03-01,07:35:00,3.0,1.0
371324,2020-02-28,09:00:00,2.0,0.0
371324,2019-12-23,06:20:00,1.0,2.0
371324,2019-11-03,08:53:02,1.0,0.0
371235,2020-04-17,08:05:00,1.0,1.0
370063,2020-04-29,08:10:00,2.0,0.0
370063,2018-11-21,09:05:03,2.0,0.0
370063,2018-03-16,06:01:13,2.0,0.0
371478,2020-04-26,08:05:00,2.0,1.0
371478,2020-04-14,11:05:00,2.0,1.0
371478,2020-02-19,05:10:00,2.0,1.0
371478,2020-02-18,05:15:00,2.0,1.0
371478,2020-01-08,09:10:00,2.0,0.0
371526,2020-04-26,04:10:00,2.0,1.0
371526,2019-07-11,12:38:01,1.0,0.0
371526,2019-06-20,09:00:00,1.0,0.0
371265,2020-03-16,03:05:00,2.0,0.0
371265,2020-02-27,03:10:00,2.0,0.0
371393,2020-04-09,07:50:00,2.0,0.0
371393,2020-02-06,11:10:00,2.0,1.0
371393,2020-02-04,10:30:00,1.0,1.0
371393,2019-12-06,05:05:00,1.0,2.0
371393,2019-12-05,05:00:00,1.0,2.0
371532,2020-04-26,04:10:00,2.0,1.0
371532,2019-07-11,12:38:01,1.0,0.0
371532,2019-06-20,09:00:00,1.0,0.0
371393,2020-04-09,07:50:00,2.0,0.0
371393,2020-02-06,11:10:00,2.0,1.0
371393,2020-02-04,10:30:00,1.0,1.0
371393,2019-12-06,05:05:00,1.0,2.0
371393,2019-12-05,05:00:00,1.0,2.0
371276,2020-04-07,03:20:00,2.0,1.0
371276,2020-02-01,05:05:00,2.0,0.0
371032,2020-04-08,09:05:00,2.0,1.0
371335,2020-04-09,11:05:00,2.0,0.0
371335,2020-04-01,11:50:00,2.0,0.0
371335,2020-03-30,12:05:00,0.0,2.0
371335,2020-02-15,06:20:00,2.0,0.0
371335,2020-01-04,09:05:00,1.0,2.0
371470,2020-04-06,14:10:00,2.0,1.0
371470,2020-03-23,15:25:00,2.0,0.0
370731,2020-04-21,17:40:00,1.0,2.0
370731,2020-04-14,16:10:00,2.0,1.0
370731,2020-04-10,14:05:00,2.0,0.0
370731,2020-03-15,18:10:00,0.0,2.0
371304,2020-04-28,11:10:00,0.0,2.0
371022,2020-02-27,14:10:00,2.0,0.0
371022,2019-11-03,13:05:47,0.0,2.0
371022,2019-07-07,13:30:00,0.0,1.0
371004,2020-03-21,16:10:00,2.0,0.0
371004,2020-02-10,17:10:00,1.0,1.0
371004,2019-08-25,08:24:00,1.0,3.0
371004,2019-05-30,14:00:00,1.0,1.0
371004,2019-05-11,08:00:00,2.0,1.0
371167,2020-04-25,16:00:00,2.0,1.0
371246,2020-04-18,18:05:00,1.0,1.0
371246,2020-01-30,22:10:00,0.0,2.0
371246,2019-12-03,04:00:00,1.0,0.0
371246,2019-12-02,17:51:02,0.0,2.0
371246,2019-10-29,20:21:02,0.0,2.0
371058,2020-04-29,19:25:00,2.0,1.0
371259,2020-03-13,05:30:00,0.0,2.0
371618,2020-04-20,10:20:00,2.0,0.0
371484,2020-04-17,12:05:00,2.0,0.0
371484,2020-04-01,06:05:00,2.0,1.0
371484,2020-03-23,12:25:00,0.0,2.0
371484,2020-01-02,06:05:00,0.0,2.0
371484,2019-12-02,06:43:02,1.0,1.0
371263,2020-04-22,03:05:00,2.0,0.0
371573,2020-04-21,08:05:00,1.0,2.0
371573,2020-02-29,07:30:00,1.0,1.0
371573,2019-10-19,10:34:57,0.0,2.0
371654,2020-04-26,20:10:00,3.0,1.0
371654,2020-04-25,17:05:00,0.0,2.0
371654,2020-04-17,20:05:00,0.0,2.0
371654,2020-04-02,19:50:00,3.0,1.0
371654,2020-03-28,17:05:00,1.0,2.0
371573,2020-04-21,08:05:00,1.0,2.0
371573,2020-02-29,07:30:00,1.0,1.0
371573,2019-10-19,10:34:57,0.0,2.0
370076,2020-04-11,05:10:00,1.0,2.0
371477,2020-04-28,08:10:00,2.0,1.0
371477,2020-04-19,11:55:00,1.0,2.0
371477,2020-04-02,09:10:00,1.0,2.0
371477,2019-12-27,09:05:00,2.0,0.0
371477,2019-05-16,03:30:00,1.0,0.0
371253,2020-04-23,06:45:00,2.0,0.0
371253,2020-04-07,09:00:00,2.0,0.0
371253,2020-04-03,07:15:00,1.0,1.0
371253,2019-12-31,06:20:00,2.0,1.0
371381,2020-04-16,08:50:00,0.0,2.0
371587,2020-03-26,07:10:00,2.0,1.0
371587,2020-02-21,07:10:00,1.0,1.0
371330,2020-04-10,11:15:00,2.0,0.0
371330,2019-10-19,06:10:03,1.0,2.0
371330,2019-05-16,03:30:00,1.0,0.0
371330,2019-05-09,16:00:00,2.0,0.0
371330,2019-03-31,06:33:05,0.0,2.0
370072,2020-04-01,07:10:00,0.0,2.0
371487,2020-05-01,11:25:00,2.0,1.0
371487,2020-04-09,11:05:00,0.0,2.0
371487,2020-04-01,11:50:00,0.0,2.0
371487,2020-03-30,12:05:00,2.0,0.0
371487,2020-02-15,06:20:00,0.0,2.0
371581,2020-04-30,12:00:00,1.0,1.0
371581,2020-04-20,10:30:00,2.0,1.0
371581,2020-04-08,06:20:00,1.0,2.0
371581,2020-04-06,06:05:00,0.0,2.0
371581,2020-02-13,07:25:00,1.0,0.0
371116,2020-04-13,16:20:00,1.0,2.0
370711,2020-04-08,12:10:00,2.0,0.0
370711,2020-02-28,12:10:00,2.0,0.0
370711,2020-02-12,08:10:00,2.0,0.0
370711,2020-02-09,17:55:00,2.0,0.0
371308,2020-04-20,10:05:00,2.0,1.0
371309,2020-04-30,16:10:00,0.0,2.0
370716,2020-04-02,15:40:00,2.0,0.0
371012,2020-04-05,18:20:00,1.0,2.0
371012,2020-02-10,19:05:00,0.0,2.0
371012,2019-10-19,17:40:02,2.0,0.0
371012,2019-10-06,12:43:02,2.0,0.0
371012,2019-06-16,14:00:00,2.0,3.0
371527,2020-03-10,20:20:00,1.0,0.0
371472,2020-04-30,10:10:00,2.0,1.0
371452,2020-04-13,23:00:00,2.0,0.0
371452,2020-03-28,13:10:00,1.0,2.0
371452,2020-03-23,19:10:00,2.0,0.0
371452,2020-02-12,20:50:00,2.0,0.0
371472,2020-04-30,10:10:00,2.0,1.0
371452,2020-04-13,23:00:00,2.0,0.0
371452,2020-03-28,13:10:00,1.0,2.0
371452,2020-03-23,19:10:00,2.0,0.0
371452,2020-02-12,20:50:00,2.0,0.0
371457,2020-04-26,20:10:00,0.0,3.0
371457,2020-04-25,18:30:00,2.0,1.0
371457,2020-03-19,20:20:00,0.0,2.0
371457,2020-02-13,20:05:00,0.0,2.0
371457,2019-10-06,17:21:03,1.0,1.0
371268,2020-03-23,06:20:00,1.0,2.0
371270,2020-03-22,03:20:00,1.0,2.0
371270,2019-12-12,04:05:00,2.0,1.0
371586,2020-04-29,08:05:00,0.0,2.0
371586,2020-04-09,05:10:00,0.0,2.0
371586,2019-11-06,06:10:02,2.0,0.0
371476,2020-04-17,05:10:00,0.0,2.0
371476,2020-02-15,06:40:00,1.0,1.0
371476,2019-12-01,10:00:00,0.0,2.0
371476,2019-11-09,06:10:02,2.0,1.0
371476,2019-11-02,01:16:00,0.0,2.0
371384,2019-07-30,12:00:00,2.0,0.0
371273,2020-04-01,03:10:00,1.0,1.0
371273,2020-03-18,08:50:00,2.0,0.0
371273,2020-02-28,09:10:00,0.0,2.0
371320,2020-03-29,07:15:00,2.0,1.0
371320,2019-11-03,06:48:02,0.0,2.0
371320,2019-10-15,08:26:46,2.0,0.0
371603,2020-04-21,03:10:00,0.0,2.0
371603,2020-03-15,09:20:00,1.0,1.0
370083,2020-05-02,11:15:00,2.0,0.0
370083,2020-04-10,11:15:00,2.0,0.0
370083,2019-10-19,06:10:03,1.0,2.0
370083,2019-05-16,03:30:00,1.0,0.0
370083,2019-05-09,16:00:00,2.0,0.0
371485,2020-04-27,08:15:00,1.0,2.0
371485,2019-12-11,12:42:00,0.0,1.0
371485,2019-12-11,07:30:00,1.0,0.0
371485,2019-12-02,10:53:02,0.0,2.0
371485,2019-10-10,06:47:38,2.0,3.0
371267,2020-04-05,07:15:00,2.0,0.0
371371,2020-04-18,06:15:00,1.0,2.0
371571,2020-03-31,06:05:00,0.0,2.0
371571,2020-03-26,07:10:00,2.0,0.0
371571,2019-10-13,05:01:44,1.0,1.0
371000,2020-04-04,12:15:00,0.0,2.0
370086,2020-04-17,05:10:00,2.0,0.0
370086,2020-02-15,06:40:00,1.0,1.0
370086,2019-12-01,10:00:00,2.0,0.0
370086,2019-11-09,06:10:02,1.0,2.0
370086,2019-11-02,01:16:00,2.0,0.0
371482,2020-05-01,08:10:00,2.0,1.0
371482,2020-04-29,08:10:00,0.0,2.0
371482,2018-11-21,09:05:03,0.0,2.0
371482,2018-03-16,06:01:13,0.0,2.0
371572,2020-03-23,07:15:00,2.0,0.0
370706,2020-04-26,14:45:00,2.0,1.0
370706,2020-03-29,12:05:00,2.0,3.0
370706,2020-02-26,14:10:00,2.0,0.0
370706,2019-11-02,14:02:05,1.0,2.0
370724,2020-03-04,12:00:00,1.0,2.0
370015,2019-11-03,19:04:29,2.0,0.0
371018,2020-04-28,15:30:00,2.0,0.0
371018,2020-04-16,15:15:00,2.0,1.0
371655,2020-04-18,17:10:00,2.0,0.0
371655,2020-04-01,16:15:00,2.0,1.0
371655,2020-03-22,19:40:00,2.0,1.0
371246,2020-04-18,18:05:00,1.0,1.0
371246,2020-01-30,22:10:00,0.0,2.0
371246,2019-12-03,04:00:00,1.0,0.0
371246,2019-12-02,17:51:02,0.0,2.0
371246,2019-10-29,20:21:02,0.0,2.0
371459,2020-05-02,19:10:00,2.0,0.0
371459,2020-04-13,23:00:00,2.0,0.0
371459,2020-03-28,13:10:00,1.0,2.0
371459,2020-03-23,19:10:00,2.0,0.0
371459,2020-02-12,20:50:00,2.0,0.0
371174,2020-03-30,18:10:00,2.0,1.0
371174,2020-02-09,11:20:00,2.0,0.0
371567,2020-04-06,11:10:00,0.0,2.0
371567,2019-12-09,09:05:00,0.0,2.0
371567,2019-07-21,05:10:02,2.0,1.0
371479,2020-04-16,11:40:00,0.0,2.0
371479,2020-04-03,09:10:00,0.0,2.0
371479,2020-03-30,12:10:00,1.0,2.0
371479,2020-03-27,06:45:00,2.0,0.0
371479,2019-12-26,06:15:00,1.0,2.0
371570,2020-04-29,10:35:00,0.0,2.0
371570,2020-04-24,08:05:00,2.0,0.0
371570,2020-03-26,11:05:00,2.0,1.0
371570,2019-10-21,12:37:40,0.0,2.0
371570,2019-10-16,15:08:02,0.0,2.0
371204,2020-04-13,08:05:00,2.0,0.0
370050,2020-04-22,09:10:00,2.0,1.0
370050,2020-04-06,03:25:00,0.0,1.0
370050,2020-03-20,08:15:00,2.0,0.0
370050,2020-02-29,03:05:00,0.0,2.0
370050,2019-12-25,09:20:00,0.0,2.0
371656,2020-03-04,11:20:00,0.0,2.0
370050,2020-04-22,09:10:00,2.0,1.0
370050,2020-04-06,03:25:00,0.0,1.0
370050,2020-03-20,08:15:00,2.0,0.0
370050,2020-02-29,03:05:00,0.0,2.0
370050,2019-12-25,09:20:00,0.0,2.0
371486,2019-12-05,08:30:00,2.0,0.0
371486,2019-07-13,05:58:01,2.0,0.0
371486,2019-07-12,10:30:00,1.0,0.0
371486,2019-07-11,05:00:00,1.0,0.0
371486,2019-04-03,11:04:43,1.0,2.0
371282,2020-04-08,03:40:00,2.0,0.0
371282,2019-12-06,11:05:00,1.0,1.0
371282,2019-10-21,05:40:02,2.0,0.0
371590,2020-04-25,06:30:00,2.0,0.0
371027,2020-05-02,15:45:00,0.0,2.0
371027,2020-04-02,15:40:00,0.0,2.0
371317,2020-04-17,08:05:00,2.0,1.0
371317,2019-10-31,11:23:02,0.0,2.0
371753,2020-03-26,08:40:00,2.0,0.0
371753,2020-03-19,05:25:00,1.0,2.0
371753,2019-10-02,04:00:00,1.0,2.0
371781,2020-04-19,11:30:00,2.0,0.0
371781,2020-04-03,14:30:00,2.0,0.0
371781,2020-03-18,08:30:00,2.0,0.0
371781,2020-02-27,02:45:00,0.0,2.0
371781,2020-02-20,13:30:00,0.0,2.0
371766,2020-01-04,13:35:00,0.0,2.0
371766,2019-12-11,13:00:00,2.0,0.0
371766,2019-12-06,11:30:00,2.0,0.0
371766,2019-10-14,04:10:03,1.0,2.0
371766,2019-09-18,07:10:03,0.0,2.0
371823,2020-04-19,02:40:00,1.0,2.0
371823,2020-03-31,02:50:00,0.0,2.0
371823,2020-03-03,13:15:00,2.0,0.0
371823,2020-02-02,11:30:00,1.0,2.0
371823,2020-01-18,02:45:00,1.0,2.0
371021,2020-02-26,17:00:00,2.0,1.0
371021,2020-02-09,11:20:00,1.0,1.0
371021,2019-12-06,13:35:00,2.0,3.0
371021,2019-11-29,12:10:02,2.0,1.0
371021,2019-11-02,16:24:53,0.0,2.0
371246,2020-04-18,18:05:00,1.0,1.0
371246,2020-01-30,22:10:00,0.0,2.0
371246,2019-12-03,04:00:00,1.0,0.0
371246,2019-12-02,17:51:02,0.0,2.0
371246,2019-10-29,20:21:02,0.0,2.0
371166,2020-04-25,17:40:00,2.0,1.0
371166,2020-04-21,17:05:00,2.0,0.0
371166,2020-03-26,18:15:00,0.0,2.0
371166,2020-02-10,15:25:00,1.0,1.0
371166,2020-01-20,13:25:00,0.0,2.0
371283,2020-04-27,11:05:00,2.0,0.0
371283,2020-04-03,05:10:00,2.0,0.0
371283,2020-03-14,09:10:00,0.0,2.0
371283,2020-02-22,07:35:00,1.0,1.0
371483,2020-04-16,08:35:00,1.0,2.0
371483,2020-03-31,12:05:00,2.0,0.0
371483,2020-03-29,04:10:00,2.0,1.0
371483,2020-03-27,03:05:00,1.0,2.0
371483,2020-01-21,14:00:00,2.0,1.0
371578,2020-04-07,05:05:00,2.0,0.0
371578,2020-01-07,10:00:00,2.0,0.0
371578,2019-12-16,06:10:00,2.0,0.0
370032,2020-05-03,07:10:00,1.0,1.0
370032,2020-04-01,03:10:00,1.0,1.0
370032,2020-03-18,08:50:00,0.0,2.0
370032,2020-02-28,09:10:00,2.0,0.0
371481,2020-04-12,12:30:00,2.0,0.0
371481,2019-12-29,08:05:00,2.0,0.0
371481,2019-12-12,04:35:00,2.0,1.0
371481,2019-08-15,06:43:02,2.0,0.0
371481,2019-05-28,19:00:00,2.0,0.0
371388,2020-04-17,09:35:00,2.0,1.0
371388,2020-04-15,09:50:00,2.0,0.0
371223,2020-04-21,08:05:00,2.0,0.0
371563,2020-04-07,08:05:00,1.0,2.0
370996,2020-04-07,19:00:00,2.0,0.0
370996,2020-02-11,13:35:00,2.0,0.0
370996,2019-02-21,16:39:51,2.0,0.0
370996,2019-02-04,13:30:17,1.0,2.0
370996,2018-11-09,04:45:29,2.0,0.0
371326,2020-04-12,11:05:00,0.0,2.0
371326,2020-04-09,11:10:00,0.0,2.0
371326,2020-01-08,06:10:00,0.0,2.0
371326,2019-12-03,07:10:02,0.0,2.0
371326,2019-05-16,02:00:00,0.0,1.0
370049,2019-11-08,08:43:02,0.0,2.0
370049,2019-10-15,08:02:21,2.0,1.0
370049,2019-09-12,11:54:02,2.0,0.0
370049,2019-08-09,11:10:02,2.0,0.0
370049,2019-07-18,08:10:02,2.0,1.0
371767,2019-12-29,04:50:00,1.0,3.0
371767,2019-12-27,08:30:00,2.0,1.0
371767,2019-12-19,08:45:00,1.0,2.0
371767,2019-12-12,08:45:00,1.0,2.0
371767,2019-11-14,02:51:02,0.0,2.0
371777,2020-04-30,11:40:00,2.0,3.0
371777,2020-04-28,11:10:00,2.0,1.0
371777,2020-04-20,10:45:00,2.0,0.0
371777,2020-04-07,13:30:00,0.0,2.0
371777,2020-03-03,07:05:00,0.0,2.0
371775,2020-03-17,07:10:00,1.0,2.0
371775,2020-01-14,11:30:00,2.0,3.0
371775,2020-01-12,10:50:00,2.0,0.0
371775,2020-01-07,12:35:00,2.0,0.0
371775,2019-10-22,06:01:19,0.0,2.0
371815,2020-01-19,02:40:00,1.0,2.0
371815,2019-12-19,14:30:00,0.0,2.0
371815,2019-12-12,08:30:00,1.0,2.0
371815,2019-11-28,08:30:00,0.0,2.0
371815,2019-10-18,16:07:02,0.0,2.0
370996,2020-04-07,19:00:00,2.0,0.0
370996,2020-02-11,13:35:00,2.0,0.0
370996,2019-02-21,16:39:51,2.0,0.0
370996,2019-02-04,13:30:17,1.0,2.0
370996,2018-11-09,04:45:29,2.0,0.0
371326,2020-04-12,11:05:00,0.0,2.0
371326,2020-04-09,11:10:00,0.0,2.0
371326,2020-01-08,06:10:00,0.0,2.0
371326,2019-12-03,07:10:02,0.0,2.0
371326,2019-05-16,02:00:00,0.0,1.0
370049,2019-11-08,08:43:02,0.0,2.0
370049,2019-10-15,08:02:21,2.0,1.0
370049,2019-09-12,11:54:02,2.0,0.0
370049,2019-08-09,11:10:02,2.0,0.0
370049,2019-07-18,08:10:02,2.0,1.0
371820,2020-04-21,06:35:00,2.0,1.0
371820,2020-04-01,05:00:00,2.0,1.0
371820,2020-03-26,13:40:00,0.0,2.0
371820,2020-03-22,13:30:00,1.0,2.0
371820,2020-03-07,13:50:00,2.0,0.0
371480,2020-04-30,11:50:00,2.0,0.0
371480,2020-04-08,11:20:00,2.0,1.0
371480,2019-12-29,06:10:00,2.0,0.0
371480,2019-10-06,06:42:02,1.0,1.0
371480,2019-05-17,04:00:00,1.0,0.0
371577,2020-04-07,07:00:00,1.0,1.0
371577,2020-03-24,07:15:00,2.0,1.0
371577,2020-03-21,06:10:00,2.0,0.0
371577,2019-10-21,09:01:14,1.0,2.0
371577,2019-07-20,11:43:02,2.0,0.0
370730,2020-04-07,13:15:00,2.0,0.0
371002,2020-02-14,12:30:00,2.0,3.0
371002,2019-12-03,17:30:00,0.0,2.0
371819,2020-04-19,05:00:00,2.0,1.0
371819,2020-04-01,07:10:00,1.0,2.0
371819,2020-03-01,11:30:00,2.0,1.0
371819,2020-02-07,04:45:00,2.0,1.0
371819,2020-01-19,07:10:00,2.0,0.0
370727,2020-04-07,09:05:00,1.0,2.0
371014,2020-04-15,16:30:00,2.0,0.0
371033,2020-04-18,16:10:00,0.0,2.0
371248,2020-05-01,17:05:00,2.0,0.0
371564,2020-04-06,08:05:00,0.0,2.0
371366,2019-10-26,11:24:32,2.0,1.0
371366,2019-10-25,06:25:36,1.0,0.0
371366,2019-10-03,07:21:02,2.0,1.0
371366,2019-08-09,09:32:02,2.0,0.0
371366,2019-07-22,12:00:00,0.0,2.0
371576,2020-04-08,07:10:00,0.0,2.0
371576,2019-10-19,10:37:34,2.0,0.0
370034,2019-12-18,08:00:00,2.0,0.0
370034,2019-10-12,12:10:03,0.0,2.0
370034,2019-07-21,11:10:02,2.0,1.0
371383,2020-04-16,06:45:00,2.0,0.0
371383,2020-03-08,06:45:00,2.0,1.0
371383,2020-03-07,02:55:00,2.0,1.0
371218,2020-04-15,10:20:00,0.0,2.0
371218,2020-04-15,10:20:00,0.0,2.0
371591,2020-04-06,11:10:00,2.0,0.0
371591,2020-03-04,06:10:00,2.0,1.0
371591,2020-02-24,07:15:00,1.0,1.0
371488,2020-04-28,12:20:00,0.0,2.0
371488,2020-04-26,11:10:00,2.0,0.0
371488,2020-04-12,09:20:00,2.0,1.0
371488,2020-04-02,12:10:00,2.0,1.0
371488,2020-03-30,09:05:00,2.0,1.0
371489,2020-04-12,05:20:00,1.0,2.0
371489,2020-04-05,06:05:00,1.0,2.0
371489,2020-02-16,06:30:00,2.0,0.0
371489,2020-01-22,20:45:00,2.0,1.0
371489,2020-01-07,09:10:00,1.0,2.0
371218,2020-04-15,10:20:00,0.0,2.0
371591,2020-04-06,11:10:00,2.0,0.0
371591,2020-03-04,06:10:00,2.0,1.0
371591,2020-02-24,07:15:00,1.0,1.0
371013,2020-04-21,13:05:00,2.0,0.0
371013,2020-04-17,16:20:00,2.0,0.0
371013,2020-02-27,16:45:00,2.0,0.0
371013,2019-12-03,16:30:03,2.0,1.0
371013,2019-10-19,13:02:56,2.0,0.0
371013,2020-04-21,13:05:00,2.0,0.0
371013,2020-04-17,16:20:00,2.0,0.0
371013,2020-02-27,16:45:00,2.0,0.0
371013,2019-12-03,16:30:03,2.0,1.0
371013,2019-10-19,13:02:56,2.0,0.0
370021,2020-03-27,03:05:00,2.0,0.0
370021,2020-03-27,03:05:00,2.0,0.0
371354,2020-05-04,09:15:00,1.0,2.0
371354,2019-12-05,08:30:00,0.0,2.0
371354,2019-07-13,05:58:01,0.0,2.0
371354,2019-07-12,10:30:00,0.0,1.0
371354,2019-07-11,05:00:00,0.0,1.0
371763,2020-04-21,08:45:00,1.0,2.0
371763,2020-04-06,11:05:00,1.0,2.0
371763,2020-03-23,03:20:00,2.0,1.0
371763,2020-01-01,14:30:00,0.0,2.0
371763,2019-12-14,08:30:00,1.0,2.0
371354,2020-05-04,09:15:00,1.0,2.0
371354,2019-12-05,08:30:00,0.0,2.0
371354,2019-07-13,05:58:01,0.0,2.0
371354,2019-07-12,10:30:00,0.0,1.0
371354,2019-07-11,05:00:00,0.0,1.0
371585,2020-04-24,03:05:00,2.0,0.0
371585,2020-04-01,03:10:00,1.0,1.0
371585,2020-03-13,03:15:00,2.0,0.0
371758,2019-11-14,08:40:02,2.0,1.0
371758,2019-10-26,04:00:00,2.0,0.0
370992,2020-03-23,16:05:00,2.0,0.0
370992,2020-02-23,16:15:00,3.0,2.0
370992,2020-02-21,18:00:00,1.0,2.0
370992,2020-02-10,13:15:00,0.0,2.0
370992,2019-12-03,14:10:02,1.0,2.0
370719,2020-05-01,13:15:00,2.0,1.0
370719,2020-02-27,14:10:00,2.0,0.0
370719,2019-11-03,13:05:47,0.0,2.0
370719,2019-07-07,13:30:00,0.0,1.0
371073,2019-12-04,19:05:00,2.0,1.0
371073,2019-12-02,19:32:02,1.0,1.0
371073,2019-12-01,00:00:00,1.0,2.0
371073,2019-10-23,21:10:02,0.0,2.0
371768,2020-04-22,08:45:00,2.0,0.0
371768,2020-04-07,11:30:00,1.0,2.0
371768,2020-03-22,07:10:00,2.0,0.0
371768,2020-02-06,12:40:00,2.0,1.0
371768,2020-01-14,08:45:00,1.0,2.0
371288,2020-05-06,03:15:00,2.0,1.0
371582,2020-05-02,09:10:00,2.0,0.0
371582,2020-04-23,06:45:00,2.0,0.0
371582,2020-04-07,09:00:00,2.0,0.0
371582,2020-04-03,07:15:00,1.0,1.0
371582,2019-12-31,06:20:00,2.0,1.0
371761,2020-03-16,07:00:00,2.0,1.0
371761,2020-01-12,12:30:00,1.0,2.0
371761,2020-01-10,10:35:00,2.0,0.0
371761,2019-10-26,13:41:02,2.0,1.0
371761,2019-09-06,16:43:02,2.0,1.0
371490,2020-05-04,06:15:00,2.0,1.0
371490,2020-04-16,11:40:00,0.0,2.0
371490,2020-04-03,09:10:00,0.0,2.0
371490,2020-03-30,12:10:00,1.0,2.0
371490,2020-03-27,06:45:00,2.0,0.0
371408,2020-03-04,11:25:00,2.0,1.0
371583,2020-04-22,03:05:00,2.0,1.0
371583,2020-03-19,05:15:00,0.0,2.0
371237,2020-04-24,08:20:00,2.0,0.0
370065,2020-02-14,06:05:00,2.0,0.0
370065,2019-12-06,08:30:00,3.0,0.0
370065,2019-12-02,04:16:02,0.0,2.0
370065,2019-10-09,03:00:25,1.0,2.0
370065,2019-10-05,10:43:02,2.0,0.0
371756,2020-04-29,11:30:00,0.0,2.0
371756,2020-04-22,12:45:00,1.0,2.0
371756,2020-04-05,08:35:00,0.0,2.0
371756,2019-12-28,02:40:00,2.0,1.0
371756,2019-12-15,07:30:00,2.0,0.0
371830,2020-04-24,05:15:00,1.0,2.0
371830,2020-04-01,02:50:00,2.0,1.0
371830,2020-03-11,08:45:00,2.0,0.0
371830,2020-03-06,10:55:00,0.0,2.0
371830,2020-02-03,10:15:00,2.0,1.0
371491,2020-05-05,11:10:00,1.0,2.0
371491,2020-04-12,11:05:00,2.0,0.0
371491,2020-04-09,11:10:00,2.0,0.0
371491,2020-01-08,06:10:00,2.0,0.0
371491,2019-12-03,07:10:02,2.0,0.0
371363,2020-02-09,06:25:00,2.0,0.0
371363,2019-12-02,15:30:00,0.0,1.0
371363,2019-12-01,12:00:00,1.0,1.0
371363,2019-08-11,13:45:03,2.0,0.0
371363,2019-08-06,08:27:02,0.0,2.0
371203,2020-04-16,08:05:00,2.0,0.0
371575,2020-04-07,09:15:00,1.0,1.0
370078,2020-03-29,07:15:00,1.0,2.0
370078,2019-11-03,06:48:02,2.0,0.0
370078,2019-10-15,08:26:46,0.0,2.0
371359,2020-04-05,09:20:00,2.0,1.0
371359,2020-02-16,08:00:00,1.0,2.0
371359,2019-12-29,11:05:00,1.0,2.0
371359,2019-12-26,07:30:00,2.0,0.0
371359,2019-11-02,04:30:00,2.0,0.0
371803,2020-04-20,06:45:00,2.0,1.0
371803,2020-03-30,07:15:00,1.0,2.0
371803,2020-03-05,14:50:00,0.0,2.0
371803,2020-01-21,05:10:00,2.0,1.0
371574,2020-05-06,09:30:00,2.0,0.0
371574,2020-05-05,08:05:00,2.0,1.0
371574,2020-05-03,07:10:00,1.0,1.0
371574,2020-04-01,03:10:00,1.0,1.0
371574,2020-03-18,08:50:00,0.0,2.0
371685,2020-02-25,14:25:00,2.0,0.0
371685,2020-02-07,15:15:00,0.0,1.0
371685,2019-11-21,12:51:02,2.0,0.0
371685,2019-10-15,13:10:03,1.0,2.0
371685,2019-07-21,15:10:02,2.0,1.0
371799,2020-04-18,04:20:00,2.0,1.0
371799,2020-04-06,06:15:00,2.0,0.0
371799,2020-03-15,12:00:00,1.0,2.0
371799,2020-02-29,13:00:00,2.0,0.0
371799,2020-01-21,07:35:00,1.0,2.0
371717,2020-04-09,12:05:00,0.0,2.0
371847,2020-04-27,11:10:00,2.0,1.0
371847,2020-02-11,12:10:00,1.0,0.0
371847,2020-02-10,17:20:00,2.0,0.0
371847,2019-11-29,17:10:01,2.0,0.0
371846,2020-05-06,16:35:00,2.0,0.0
371846,2020-04-30,21:00:00,2.0,0.0
371490,2020-05-04,06:15:00,2.0,1.0
371490,2020-04-16,11:40:00,0.0,2.0
371490,2020-04-03,09:10:00,0.0,2.0
371490,2020-03-30,12:10:00,1.0,2.0
371490,2020-03-27,06:45:00,2.0,0.0
371846,2020-05-06,16:35:00,2.0,0.0
371846,2020-04-30,21:00:00,2.0,0.0
371691,2020-05-01,13:15:00,2.0,0.0
371691,2020-04-28,11:10:00,2.0,0.0
371363,2020-02-09,06:25:00,0.0,2.0
371363,2019-12-02,15:30:00,1.0,0.0
371363,2019-12-01,12:00:00,1.0,1.0
371363,2019-08-11,13:45:03,0.0,2.0
371363,2019-08-06,08:27:02,2.0,0.0
371691,2020-05-01,13:15:00,2.0,0.0
371691,2020-04-28,11:10:00,2.0,0.0
370749,2020-04-30,08:20:00,2.0,0.0
370749,2020-04-30,08:20:00,2.0,0.0
371203,2020-04-16,08:05:00,2.0,0.0
371691,2020-05-01,13:15:00,2.0,0.0
371691,2020-04-28,11:10:00,2.0,0.0
371931,2020-05-05,12:30:00,2.0,1.0
371406,2019-08-31,08:16:02,1.0,1.0
371406,2019-08-04,03:10:02,2.0,0.0
371406,2019-07-21,05:32:02,2.0,0.0
371566,2020-05-06,08:55:00,0.0,2.0
371566,2019-12-18,08:00:00,2.0,0.0
371566,2019-10-12,12:10:03,0.0,2.0
371566,2019-07-21,11:10:02,2.0,1.0
371493,2020-04-18,11:10:00,1.0,2.0
371493,2020-04-07,11:10:00,2.0,0.0
371493,2020-02-17,06:00:00,2.0,0.0
371493,2019-12-14,06:05:00,0.0,2.0
371493,2019-12-11,05:10:00,1.0,0.0
371369,2019-10-07,12:43:02,2.0,0.0
371369,2019-08-10,12:00:00,2.0,0.0
371568,2020-03-23,03:05:00,2.0,1.0
371568,2020-02-22,09:55:00,0.0,2.0
371568,2019-10-22,06:00:00,0.0,2.0
370766,2020-05-01,10:20:00,1.0,1.0
371662,2019-11-03,05:35:42,0.0,2.0
371662,2018-12-28,05:00:49,0.0,2.0
371662,2018-06-19,03:28:35,0.0,1.0
371662,2018-05-14,12:39:55,1.0,1.0
371662,2018-04-22,08:11:23,2.0,1.0
371494,2020-04-30,08:15:00,2.0,1.0
371494,2020-04-14,07:10:00,1.0,2.0
371494,2020-04-01,06:00:00,2.0,0.0
371494,2020-03-28,12:10:00,0.0,2.0
371494,2019-12-01,06:10:02,1.0,1.0
371847,2020-04-27,11:10:00,2.0,1.0
371847,2020-02-11,12:10:00,1.0,0.0
371847,2020-02-10,17:20:00,2.0,0.0
371847,2019-11-29,17:10:01,2.0,0.0
371494,2020-04-30,08:15:00,2.0,1.0
371494,2020-04-14,07:10:00,1.0,2.0
371494,2020-04-01,06:00:00,2.0,0.0
371494,2020-03-28,12:10:00,0.0,2.0
371494,2019-12-01,06:10:02,1.0,1.0
371390,2019-09-19,08:00:00,2.0,0.0
371390,2019-08-05,11:43:02,2.0,0.0
371390,2019-07-06,12:00:00,0.0,2.0
371390,2019-06-30,11:00:00,2.0,0.0
371390,2019-06-05,13:00:00,0.0,2.0
371215,2020-04-13,10:00:00,1.0,1.0
371584,2020-04-08,05:35:00,0.0,2.0
371347,2020-05-07,06:10:00,0.0,2.0
371347,2020-05-04,06:15:00,1.0,2.0
371347,2020-04-16,11:40:00,2.0,0.0
371347,2020-04-03,09:10:00,2.0,0.0
371347,2020-03-30,12:10:00,2.0,1.0
370077,2020-05-04,11:05:00,1.0,2.0
370077,2020-04-17,08:05:00,1.0,2.0
370077,2019-10-31,11:23:02,2.0,0.0
370077,2020-05-04,11:05:00,1.0,2.0
370077,2020-04-17,08:05:00,1.0,2.0
370077,2019-10-31,11:23:02,2.0,0.0
371607,2020-05-02,07:10:00,1.0,1.0
371607,2020-04-22,03:05:00,2.0,0.0
372079,2020-04-01,09:10:00,2.0,0.0
371825,2020-04-22,02:50:00,0.0,2.0
371825,2020-03-29,07:15:00,0.0,2.0
371825,2020-03-12,11:30:00,2.0,1.0
371825,2020-03-04,08:45:00,2.0,0.0
371825,2020-01-27,11:15:00,0.0,2.0
371721,2020-05-03,16:10:00,0.0,2.0
371821,2020-04-29,07:30:00,2.0,0.0
371821,2020-04-25,04:30:00,0.0,2.0
371821,2020-04-13,02:45:00,0.0,2.0
371821,2020-04-09,02:40:00,2.0,0.0
371821,2020-03-04,10:50:00,1.0,2.0
371036,2020-01-21,21:30:00,0.0,1.0
371036,2019-06-30,09:30:00,0.0,2.0
371036,2019-06-24,17:00:00,1.0,2.0
371036,2019-05-04,12:30:00,2.0,0.0
371036,2018-06-10,06:22:23,2.0,3.0
371641,2020-05-02,20:10:00,2.0,1.0
371641,2020-04-14,11:10:00,0.0,2.0
371641,2020-04-03,15:10:00,0.0,2.0
371641,2020-03-04,17:00:00,2.0,0.0
371641,2020-01-27,18:10:00,1.0,2.0
371078,2020-05-01,21:20:00,1.0,0.0
371078,2017-06-27,03:44:34,1.0,0.0
371060,2019-10-23,23:42:02,2.0,0.0
371630,2020-01-17,08:00:00,2.0,0.0
371578,2020-04-07,05:05:00,0.0,2.0
371578,2020-01-07,10:00:00,0.0,2.0
371578,2019-12-16,06:10:00,0.0,2.0
371664,2020-05-06,05:15:00,2.0,1.0
371664,2019-12-24,10:30:00,0.0,2.0
371664,2019-10-27,06:10:02,1.0,2.0
371664,2019-10-14,05:32:02,2.0,1.0
371664,2018-06-19,06:23:33,0.0,1.0
371364,2020-05-05,11:40:00,2.0,0.0
371580,2020-04-08,11:05:00,0.0,2.0
370070,2020-05-06,11:00:00,2.0,0.0
370070,2020-05-04,09:15:00,1.0,2.0
370070,2019-12-05,08:30:00,0.0,2.0
370070,2019-07-13,05:58:01,0.0,2.0
370070,2019-07-12,10:30:00,0.0,1.0
372063,2020-02-20,09:55:00,2.0,0.0
371607,2020-05-02,07:10:00,1.0,1.0
371607,2020-04-22,03:05:00,2.0,0.0
372063,2020-02-20,09:55:00,2,0
